<?xml version="1.0" encoding="UTF-8"?>
<project-private xmlns="http://www.netbeans.org/ns/project-private/1">
    <editor-bookmarks xmlns="http://www.netbeans.org/ns/editor-bookmarks/2" lastBookmarkId="0"/>
    <open-files xmlns="http://www.netbeans.org/ns/projectui-open-files/2">
        <group>
            <file>file:/C:/Users/Laura%20Mayte/Desktop/Proyecto%20Programacion%20Orientada%20a%20Objetos%202/Proyecto%20Programacion%20Orientada%20a%20Objetos%202/src/Controlador/ControladorPacientesIngreso.java</file>
            <file>file:/C:/Users/Laura%20Mayte/Desktop/Proyecto%20Programacion%20Orientada%20a%20Objetos%202/Proyecto%20Programacion%20Orientada%20a%20Objetos%202/src/Controlador/ControladorSubMenuDoctores.java</file>
            <file>file:/C:/Users/Laura%20Mayte/Desktop/Proyecto%20Programacion%20Orientada%20a%20Objetos%202/Proyecto%20Programacion%20Orientada%20a%20Objetos%202/src/Programa/Principal.java</file>
            <file>file:/C:/Users/Laura%20Mayte/Desktop/Proyecto%20Programacion%20Orientada%20a%20Objetos%202/Proyecto%20Programacion%20Orientada%20a%20Objetos%202/src/Vista/ImpresionSubMenuPacientesConsulta.java</file>
            <file>file:/C:/Users/Laura%20Mayte/Desktop/Proyecto%20Programacion%20Orientada%20a%20Objetos%202/Proyecto%20Programacion%20Orientada%20a%20Objetos%202/src/Controlador/ControladorPacientesConsulta.java</file>
        </group>
    </open-files>
</project-private>
